{"cameraMode":{"drawMode":0,"name":"Shaded","section":"Shading Mode"},"sceneLighting":false,"audioPlay":false,"sceneViewState":{"showFog":true,"showMaterialUpdate":false,"showSkybox":true,"showFlares":true,"showImageEffects":true,"showParticleSystems":true},"in2DMode":false,"pivot":{"x":-0.6658728122711182,"y":-1.3049392700195313,"z":14.582550048828125},"rotation":{"x":0.3117809593677521,"y":-0.042737964540719989,"z":0.014039351604878903,"w":0.9490906596183777},"size":20.099842071533204,"orthographic":false}