{"cameraMode":{"drawMode":0,"name":"Shaded","section":"Shading Mode"},"sceneLighting":false,"audioPlay":false,"sceneViewState":{"showFog":true,"showMaterialUpdate":false,"showSkybox":true,"showFlares":true,"showImageEffects":true,"showParticleSystems":true},"in2DMode":false,"pivot":{"x":3.789283514022827,"y":-12.145122528076172,"z":-1.7148051261901856},"rotation":{"x":0.5483487248420715,"y":0.04635727405548096,"z":-0.03046492114663124,"w":0.8344101309776306},"size":12.830901145935059,"orthographic":false}