{"cameraMode":{"drawMode":0,"name":"Shaded","section":"Shading Mode"},"sceneLighting":false,"audioPlay":false,"sceneViewState":{"showFog":true,"showMaterialUpdate":false,"showSkybox":true,"showFlares":true,"showImageEffects":true,"showParticleSystems":true},"in2DMode":false,"pivot":{"x":-9.557982444763184,"y":-4.359797477722168,"z":4.306577682495117},"rotation":{"x":0.30798956751823428,"y":-0.3010910749435425,"z":0.10343277454376221,"w":0.8965446352958679},"size":12.830901145935059,"orthographic":false}